999,Labor & Employment; Servicemembers Initiative; ,Civil Rights Division; Civil Rights - Employment Litigation Section; ,17-825; 
1000,None,"Criminal Division; USAO - Pennsylvania, Eastern; ",17-824; 
1001,Tax; ,Tax Division; ,17-823; 
1002,Counterterrorism; ,National Security Division (NSD); USAO - Kansas; ,17-822; 
1003,Public Corruption; ,Criminal Division; USAO - District of Columbia; ,17-812; 
1004,Tax; ,"Tax Division; USAO - North Carolina, Middle; ",17-819; 
1005,Wildlife; ,Environment and Natural Resources Division; ,17-820; 
1006,Counterterrorism; ,National Security Division (NSD); USAO - Hawaii; ,17-818; 
1007,Health Care Fraud; ,"Criminal Division; USAO - Texas, Southern; ",17-817; 
1008,Counterterrorism; ,"National Security Division (NSD); USAO - California, Northern; ",17-816; 
1009,Project Safe Childhood; ,"Criminal Division; USAO - Virginia, Eastern; ",17-815; 
1010,Counterterrorism; ,"National Security Division (NSD); USAO - Pennsylvania, Eastern; ",17-813; 
1011,Intellectual Property; ,Criminal Division; USAO - New Jersey; ,17-812; 
1012,Opioids; Violent Crime; Drug Trafficking; ,"Criminal Division; USAO - Texas, Western; ",17-811; 
1013,None,Criminal Division; ,17-809; 
1014,Tax; ,"Tax Division; USAO - California, Central; ",17-808; 
1015,Opioids; Cyber Crime; Drug Trafficking; ,"Criminal Division; Office of the Attorney General; USAO - California, Eastern; ",17-803; 
1016,Tax; ,"Tax Division; USAO - Virginia, Eastern; ",17-802; 
1017,"Securities, Commodities, & Investment Fraud; Tax; ","Tax Division; USAO - Virginia, Eastern; ",17-801; 
1018,None,"Criminal Division; USAO - Texas, Southern; ",17-799; 
1019,Foreign Corruption; ,"Criminal Division; USAO - Florida, Southern; ",17-798; 
1020,Violent Crime; ,"Criminal Division; USAO - New York, Eastern; ",17-797; 
1021,Identity Theft; Tax; ,"Tax Division; USAO - Alabama, Middle; ",17-796; 
1022,Asset Forfeiture; Opioids; ,Asset Forfeiture Program; Office of the Attorney General; ,17-795; 
1023,Foreign Corruption; ,"Criminal Division; USAO - Pennsylvania, Eastern; ",17-794; 
1024,None,Criminal Division; ,17-793; 
1025,None,Environment and Natural Resources Division; ,17-791; 
1026,Foreign Corruption; ,"Criminal Division; USAO - California, Central; ",17-792; 
1027,Tax; ,"Tax Division; USAO - New York, Western; ",17-790; 
1028,Project Safe Childhood; ,"Criminal Division; USAO - Alabama, Southern; ",17-789; 
1029,Tax; ,"Tax Division; USAO - Florida, Middle; ",17-789; 
1030,Antitrust; ,"Antitrust Division; USAO - New York, Southern; ",17-787; 
1031,False Claims Act; Health Care Fraud; ,"Civil Division; USAO - Ohio, Southern; ",17-783; 
1032,Counterintelligence and Export Control; ,National Security Division (NSD); USAO - Vermont; ,17-786; 
1033,Project Safe Childhood; ,"Criminal Division; USAO - Virginia, Eastern; ",17-782; 
1034,Tax; ,"Tax Division; USAO - Florida, Southern; ",17-781; 
1035,Identity Theft; Immigration; Tax; ,"Tax Division; USAO - Alabama, Middle; ",17-779; 
1036,Environment; ,Environment and Natural Resources Division; ,17-780; 
1037,Tax; ,"Tax Division; USAO - Georgia, Northern; ",17-778; 
1038,Asset Forfeiture; Foreign Corruption; ,Asset Forfeiture Program; Criminal Division; ,17-777; 
1039,None,Criminal Division; ,17-776; 
1040,Immigration; ,Office of the Attorney General; ,17-775; 
1041,Health Care Fraud; ,"Criminal Division; USAO - Louisiana, Eastern; ",17-773; 
1042,Tax; ,Tax Division; USAO - Colorado; ,17-774; 
1043,Identity Theft; Tax; ,Tax Division; USAO - Massachusetts; ,17-772; 
1044,Tax; ,"Tax Division; USAO - Michigan, Eastern; ",17-771; 
1045,Civil Rights; ,Civil Rights Division; Civil Rights - Housing and Civil Enforcement Section; ,17-770; 
1046,Opioids; Health Care Fraud; ,Criminal Division; Office of the Attorney General; ,17-768; 
1047,Antitrust; ,Antitrust Division; ,17-766; 
1048,Identity Theft; Tax; ,"Tax Division; USAO - California, Southern; ",17-764; 
1049,Opioids; Prescription Drugs; Health Care Fraud; ,"Criminal Division; USAO - Florida, Southern; ",17-765; 
1050,Human Trafficking; ,Office of the Attorney General; ,17-763; 
1051,"Asset Forfeiture; Securities, Commodities, & Investment Fraud; Tax; ","Asset Forfeiture Program; Tax Division; USAO - New York, Northern; ",17-760; 
1052,None,Environment and Natural Resources Division; ,17-761; 
1053,Consumer Protection; Mortgage Fraud; ,"Civil Division; USAO - California, Central; ",17-759; 
1054,Tax; ,Tax Division; USAO - Utah; ,17-757; 
1055,Violent Crime; ,Criminal Division; ,17-756; 
1056,None,Criminal Division; ,17-755; 
1057,Antitrust; ,Antitrust Division; ,17-753; 
1058,None,Criminal Division; ,17-754; 
1059,Opioids; Prescription Drugs; ,Criminal Division; Drug Enforcement Administration (DEA); ,None
1060,Opioids; Violent Crime; Drug Trafficking; ,Criminal Division; ,17-750; 
1061,Civil Rights; ,Civil Rights Division; Civil Rights - Housing and Civil Enforcement Section; ,17-749; 
1062,Tax; ,Tax Division; USAO - Maryland; ,17-748; 
1063,Counterterrorism; ,"National Security Division (NSD); USAO - Ohio, Northern; ",17-747; 
1064,None,Criminal Division; ,17-746; 
1065,Environment; ,"Environment and Natural Resources Division; USAO - Michigan, Eastern; ",17-743; 
1066,Consumer Protection; Financial Fraud; ,"Civil Division; USAO - Pennsylvania, Eastern; ",17-744; 
1067,Tax; ,Tax Division; USAO - Maryland; ,17-742; 
1068,Counterterrorism; ,"National Security Division (NSD); USAO - Ohio, Southern; ",17-743; 
1069,Civil Rights; ,Civil Rights Division; Civil Rights - Housing and Civil Enforcement Section; ,17-741; 
1070,Tax; ,"Tax Division; USAO - Texas, Southern; ",17-740; 
1071,Tax; ,"Tax Division; USAO - Ohio, Northern; ",17-739; 
1072,Tax; ,"Tax Division; USAO - Virginia, Western; ",17-738; 
1073,Servicemembers Initiative; ,Civil Rights Division; Civil Rights - Housing and Civil Enforcement Section; ,17-737; 
1074,Immigration; ,Office of the Attorney General; ,17-736; 
1075,Consumer Protection; ,"Civil Division; USAO - Alabama, Southern; ",17-735; 
1076,None,Office of the Attorney General; ,17-734; 
1077,Civil Rights; ,Civil Rights Division; ,17-733; 
1078,Firearms Offenses; Violent Crime; ,Criminal Division; ,17-732; 
1079,Identity Theft; ,"Criminal Division; USAO - Florida, Southern; ",17-731; 
1080,Tax; ,"Tax Division; USAO - North Carolina, Middle; ",17-731; 
1081,Violent Crime; ,Office of the Attorney General; ,17-730; 
1082,Health Care Fraud; ,"Criminal Division; USAO - Michigan, Eastern; ",17-728; 
1083,Drug Trafficking; Violent Crime; ,"Criminal Division; USAO - Tennessee, Middle; ",17-729; 
1084,Civil Rights; Labor & Employment; ,Civil Rights Division; Civil Rights - Immigrant and Employee Rights Section; ,17-726; 
1085,Immigration; ,Office of the Attorney General; ,17.725; 
1086,Environment; ,Environment and Natural Resources Division; ,17-724; 
1087,Immigration; ,"Civil Division; USAO - Texas, Southern; ",17-723; 
1088,Civil Rights; Firearms Offenses; ,Civil Rights Division; ,17-721; 
1089,Counterterrorism; ,"National Security Division (NSD); USAO - Ohio, Southern; ",17-722; 
1090,Antitrust; ,"Antitrust Division; USAO - California, Northern; ",17-718; 
1091,"Securities, Commodities, & Investment Fraud; ",Criminal Division; USAO - Massachusetts; ,17-719; 
1092,Immigration; ,U.S. Attorneys (USAO); USAO - Utah; ,17-717; 
1093,Civil Rights; ,Civil Rights Division; ,17-716; 
1094,Immigration; ,Office of the Attorney General; ,17-715; 
1095,False Claims Act; Health Care Fraud; ,"Civil Division; USAO - California, Central; ",17-714; 
1096,Civil Rights; Labor & Employment; ,Civil Rights Division; Civil Rights - Immigrant and Employee Rights Section; ,17-713; 
1097,False Claims Act; ,"Civil Division; USAO - Tennessee, Eastern; ",17-712; 
1098,Antitrust; ,Antitrust Division; ,17-711; 
1099,None,Office of the Attorney General; ,17-700; 
1100,Public Corruption; ,Criminal Division; ,17-710; 
1101,Identity Theft; Tax; ,"Tax Division; USAO - California, Northern; ",17-707	; 
1102,Counterterrorism; ,"National Security Division (NSD); USAO - North Carolina, Western; ",17-709; 
1103,Tax; ,Tax Division; ,17-708; 
1104,Consumer Protection; ,Civil Division; USAO - Massachusetts; ,17-706; 
1105,None,Federal Bureau of Investigation (FBI); ,None
1106,Asset Forfeiture; Health Care Fraud; ,"Criminal Division; USAO - Florida, Middle; ",17-704; 
1107,Environment; ,Environment and Natural Resources Division; ,17-703; 
1108,None,Office of the Attorney General; ,17-702; 
1109,False Claims Act; Health Care Fraud; ,Civil Division; USAO - New Jersey; ,17-701; 
1110,Tax; ,Tax Division; ,17.698; 
1111,Tax; ,Tax Division; ,17-697; 
1112,Immigration; ,Office of the Attorney General; ,17-696; 
1113,Violent Crime; ,Criminal Division; USAO - Nebraska; ,17-694; 
1114,Hate Crimes; ,Civil Rights Division; Civil Rights - Criminal Section; ,17-693; 
1115,Counterintelligence and Export Control; ,"National Security Division (NSD); USAO - Virginia, Eastern; ",17-692; 
1116,Counterterrorism; ,"National Security Division (NSD); USAO - New York, Southern; ",17-691; 
1117,Violent Crime; ,Criminal Division; USAO - Maryland; ,17-690; 
1118,Consumer Protection; Opioids; ,"Civil Division; USAO - Indiana, Southern; ",17-689; 
1119,Tax; ,Tax Division; ,17-688; 
1120,None,Office of the Attorney General; ,17-687; 
1121,Foreign Corruption; ,"Criminal Division; USAO - New York, Southern; ",17-686; 
1122,None,"Environment and Natural Resources Division; USAO - North Carolina, Eastern; ",17-685; 
1123,Antitrust; ,Antitrust Division; ,17-684; 
1124,Tax; ,Tax Division; ,17-682; 
1125,Environment; ,Environment and Natural Resources Division; ,17-681; 
1126,Civil Rights; ,Civil Rights Division; ,17-680; 
1127,Wildlife; ,Environment and Natural Resources Division; ,17-679; 
1128,Violent Crime; ,Office of the Attorney General; ,None
1129,Office and Personnel Updates; ,Office of the Deputy Attorney General; ,None
1130,Antitrust; ,Antitrust Division; ,17-672; 
1131,Tax; ,"Tax Division; USAO - Pennsylvania, Eastern; ",17-671; 
1132,None,Criminal Division; ,17-670; 
1133,Public Corruption; ,"Criminal Division; USAO - California, Southern; ",17-669; 
1134,Antitrust; ,Antitrust Division; ,17-667; 
1135,Violent Crime; ,Criminal Division; USAO - Nevada; ,17-668; 
1136,False Claims Act; Health Care Fraud; ,"Civil Division; USAO - California, Northern; USAO - Georgia, Northern; USAO - Nevada; ",17-666; 
1137,None,Office of the Deputy Attorney General; ,17-665; 
1138,Tax; ,"Tax Division; USAO - California, Northern; ",17-664; 
1139,Hate Crimes; ,Civil Rights Division; ,17-662; 
1140,Drug Trafficking; ,"Criminal Division; USAO - North Carolina, Eastern; ",17-663; 
1141,Antitrust; ,Antitrust Division; ,17-661; 
1142,Civil Rights; ,Civil Rights Division; Civil Rights - Criminal Section; ,17-660; 
1143,Tax; ,Tax Division; ,17-659; 
1144,None,"Criminal Division; USAO - New York, Eastern; ",17-658; 
1145,Civil Rights; ,Civil Rights Division; ,17-654; 
1146,Consumer Protection; ,Civil Division; ,17-657; 
1147,Asset Forfeiture; Foreign Corruption; ,"Criminal Division; USAO - California, Central; ",17-655; 
1148,Antitrust; ,Antitrust Division; ,17-650; 
1149,Consumer Protection; Elder Justice; Financial Fraud; ,Civil Division; Office of Justice Programs (OJP); Office on Violence Against Women; ,17-651; 
1150,Health Care Fraud; ,"Criminal Division; USAO - Florida, Southern; ",17-649; 
1151,False Claims Act; Tax; ,"Tax Division; USAO - New York, Western; ",17-648; 
1152,"Securities, Commodities, & Investment Fraud; ","Criminal Division; USAO - Texas, Western; ",17-647; 
1153,Tax; ,Tax Division; USAO - Nevada; ,17-645; 
1154,None,Office of the Deputy Attorney General; ,17-646; 
1155,False Claims Act; ,Civil Division; USAO - Idaho; ,17-644; 
1156,Tax; ,"Tax Division; USAO - California, Southern; ",17-641; 
1157,Health Care Fraud; ,Criminal Division; ,17-640; 
1158,National Security; ,Office of the Attorney General; ,17-637; 
1159,Cyber Crime; ,Criminal Division; USAO - Minnesota; ,17-639; 
1160,Antitrust; ,Antitrust Division; ,17-638; 
1161,Antitrust; ,Antitrust Division; ,17-636; 
1162,Civil Rights; ,Civil Rights Division; Civil Rights - Criminal Section; ,17-634; 
1163,Project Safe Childhood; ,"Criminal Division; Criminal - Child Exploitation and Obscenity Section; USAO - Virginia, Eastern; ",17-635; 
1164,Firearms Offenses; Hate Crimes; ,Civil Rights Division; ,17-633; 
1165,Civil Rights; ,Civil Rights Division; ,17-632; 
1166,Firearms Offenses; Violent Crime; ,"Criminal Division; USAO - Indiana, Northern; ",17-630; 
1167,None,Office of the Attorney General; ,17-631; 
1168,Counterterrorism; ,"National Security Division (NSD); USAO - New York, Southern; ",17-625; 
1169,Tax; ,Tax Division; ,17-622; 
1170,Consumer Protection; ,Civil Division; ,17-624; 
1171,Financial Fraud; ,"Criminal Division; USAO - California, Northern; ",17-623; 
1172,Counterterrorism; ,"National Security Division (NSD); USAO - Virginia, Eastern; ",17-621; 
1173,Antitrust; ,Antitrust Division; ,17-619; 
1174,None,Office of the Associate Attorney General; Office of the Deputy Attorney General; ,17-620; 
1175,None,Department of Justice; Office of Public Affairs; ,17-616 and 17-618; 
1176,Human Trafficking; ,Civil Rights Division; ,17-617; 
1177,Office and Personnel Updates; ,Office of the Attorney General; ,17-615; 
1178,False Claims Act; ,"Civil Division; USAO - California, Central; ",17-614; 
1179,None,Office of the Attorney General; ,17-613; 
1180,Consumer Protection; ,Civil Division; ,17-612; 
1181,Civil Rights; ,Civil Rights Division; Civil Rights - Housing and Civil Enforcement Section; ,17-611; 
1182,None,Criminal Division; ,17-608; 
1183,Counterintelligence and Export Control; ,"National Security Division (NSD); Office of the Deputy Attorney General; USAO - Georgia, Southern; ",17-607; 
1184,Tax; ,Tax Division; ,17-606; 
1185,False Claims Act; ,"Civil Division; USAO - Texas, Northern; ",17-605; 
1186,Antitrust; ,Antitrust Division; ,17-603; 
1187,Civil Rights; ,Civil Rights Division; Civil Rights - Criminal Section; ,17-604; 
1188,Civil Rights; ,Civil Rights Division; Civil Rights - Criminal Section; ,17-603; 
1189,Violent Crime; ,Criminal Division; ,17-602; 
1190,Consumer Protection; ,Civil Division; ,17-600; 
1191,Violent Crime; ,"Criminal Division; USAO - Illinois, Northern; ",17-599; 
1192,Civil Rights; Labor & Employment; Servicemembers Initiative; ,Civil Rights Division; ,17-598; 
1193,Tax; ,Tax Division; ,17-597; 
1194,Civil Rights; ,Civil Rights Division; Civil Rights - Housing and Civil Enforcement Section; ,17-596; 
1195,Civil Rights; ,Civil Rights Division; Civil Rights - Housing and Civil Enforcement Section; ,17-595; 
1196,Counterterrorism; ,"National Security Division (NSD); USAO - New York, Eastern; ",17-594; 
1197,Consumer Protection; ,"Civil Division; USAO - Georgia, Northern; ",17-593; 
1198,Foreign Corruption; ,"Criminal Division; USAO - New York, Eastern; ",17-592; 
1199,Public Corruption; ,Criminal Division; ,17-583; 
1200,Tax; ,"Tax Division; USAO - Alabama, Middle; ",17-589; 
1201,False Claims Act; Health Care Fraud; ,Civil Division; USAO - Vermont; ,17-591; 
1202,Human Trafficking; ,Civil Rights Division; ,17-587; 
1203,False Claims Act; Health Care Fraud; ,"Civil Division; USAO - Florida, Middle; ",17-588; 
1204,Civil Rights; ,Civil Rights Division; Civil Rights - Housing and Civil Enforcement Section; ,17-586; 
1205,Servicemembers Initiative; ,Department of Justice; Office of Public Affairs; ,17-585; 
1206,Tax; ,"Tax Division; USAO - California, Northern; ",17-584; 
1207,False Claims Act; ,"Civil Division; USAO - Georgia, Northern; ",17-582; 
1208,Tax; ,Tax Division; ,17-581; 
1209,Immigration; National Security; ,Office of the Attorney General; ,17-579; 
1210,Tax; ,Tax Division; ,17-578; 
1211,Tax; ,"Tax Division; USAO - Tennessee, Middle; ",17-577; 
1212,Identity Theft; Tax; ,"Tax Division; USAO - Florida, Southern; ",17-576; 
1213,National Security; ,Office of the Attorney General; ,17-575; 
1214,Cyber Crime; Financial Fraud; ,"Criminal Division; USAO - Mississippi, Southern; ",17-574; 
1215,Tax; ,"Tax Division; USAO - New York, Eastern; ",17-572; 
1216,None,Office of Justice Programs (OJP); Office of Juvenile Justice and Delinquency Prevention (OJJDP); Office of the Deputy Attorney General; ,17-570; 
1217,Identity Theft; Tax; ,"Tax Division; USAO - California, Northern; ",17-569; 
1218,Tax; ,Tax Division; USAO - Maryland; ,17-568; 
1219,Identity Theft; Tax; ,"Tax Division; USAO - California, Northern; ",17-565; 
1220,Health Care Fraud; ,"Criminal Division; Criminal - Criminal Fraud Section; USAO - Texas, Southern; ",17-564; 
1221,Civil Rights; Labor & Employment; ,Civil Rights Division; Civil Rights - Immigrant and Employee Rights Section; ,17-558; 
1222,Tax; ,Tax Division; USAO - Massachusetts; ,17-563; 
1223,Consumer Protection; Environment; ,Environment and Natural Resources Division; ,17-562; 
1224,Opioids; Office and Personnel Updates; ,Office of the Attorney General; ,17-561; 
1225,Violent Crime; ,Criminal Division; USAO - Nebraska; ,17-560; 
1226,None,Office of the Attorney General; ,17-559; 
1227,Opioids; Public Corruption; Drug Trafficking; ,"Criminal Division; USAO - North Carolina, Eastern; ",17-556; 
1228,Counterintelligence and Export Control; ,"National Security Division (NSD); USAO - California, Central; ",17-557; 
1229,None,Office of the Attorney General; ,17-555; 
1230,None,Criminal Division; ,17-554; 
1231,Counterintelligence and Export Control; ,"National Security Division (NSD); USAO - New York, Southern; ",17-553; 
1232,Civil Rights; ,"Civil Rights Division; Civil Rights - Criminal Section; USAO - West Virginia, Northern; ",17-551; 
1233,Project Safe Childhood; ,"Criminal Division; Criminal - Child Exploitation and Obscenity Section; USAO - Illinois, Central; ",17-550; 
1234,None,Community Oriented Policing Services (COPS); Office of the Associate Attorney General; ,17-549; 
1235,Office and Personnel Updates; ,Office of the Associate Attorney General; Office of the Attorney General; ,17-547; 
1236,None,"Criminal Division; USAO - Texas, Southern; ",17-545; 
1237,False Claims Act; ,"Civil Division; USAO - Missouri, Western; ",17-548; 
1238,Tax; ,"Tax Division; USAO - Indiana, Northern; ",17-544; 
1239,Project Safe Childhood; ,"Criminal - Child Exploitation and Obscenity Section; USAO - Florida, Southern; ",17-546; 
1240,Civil Rights; ,Civil Rights Division; Civil Rights - Housing and Civil Enforcement Section; ,17-542; 
1241,None,Office of the Deputy Attorney General; ,17-541; 
1242,Environment; ,"Environment and Natural Resources Division; USAO - Texas, Southern; ",17-539; 
1243,Public Corruption; ,"Criminal Division; Criminal - Criminal Fraud Section; USAO - California, Southern; ",17-540; 
1244,Civil Rights; ,Civil Rights Division; Civil Rights - Immigrant and Employee Rights Section; ,17-538; 
1245,False Claims Act; Health Care Fraud; ,"Civil Division; USAO - California, Central; USAO - New York, Western; ",17-537; 
1246,False Claims Act; Financial Fraud; Mortgage Fraud; ,"Civil Division; USAO - Florida, Middle; ",17-534; 
1247,Tax; ,Tax Division; USAO - Massachusetts; ,17-533; 
1248,Tax; ,Tax Division; ,17-536; 
1249,Identity Theft; ,Criminal Division; USAO - Puerto Rico; ,17-535; 
1250,Antitrust; ,Antitrust Division; ,17-532; 
1251,Civil Rights; Hate Crimes; ,"Civil Rights Division; Civil Rights - Criminal Section; Federal Bureau of Investigation (FBI); USAO - Mississippi, Southern; ",17-531; 
1252,Public Corruption; ,Criminal Division; Criminal - Criminal Fraud Section; ,17-530; 
1253,Violent Crime; ,"Criminal Division; USAO - Michigan, Eastern; ",17-528; 
1254,Tax; ,Tax Division; ,17-529; 
1255,Civil Rights; ,"Civil Rights Division; Civil Rights - Criminal Section; Federal Bureau of Investigation (FBI); USAO - Kentucky, Eastern; ",17-527; 
1256,Project Safe Childhood; ,Criminal Division; Criminal - Child Exploitation and Obscenity Section; ,17-526; 
1257,Tax; ,"Tax Division; USAO - North Carolina, Middle; ",17-525; 
1258,Antitrust; ,Antitrust Division; ,17-524; 
1259,None,Office of the Attorney General; Office of the Deputy Attorney General; ,17-523; 
1260,None,Office of the Attorney General; ,17-522; 
1261,None,"Criminal Division; USAO - Texas, Southern; ",17-521; 
1262,Public Corruption; ,"Criminal Division; USAO - Florida, Middle; ",17-520; 
1263,Tax; ,Tax Division; USAO - Idaho; ,17-519; 
1264,Counterterrorism; National Security; ,"National Security Division (NSD); USAO - Ohio, Southern; ",17-518; 
1265,Tax; ,Tax Division; ,17-517; 
1266,Civil Rights; Hate Crimes; ,"Bureau of Alcohol, Tobacco, Firearms and Explosives (ATF); Civil Rights Division; Civil Rights - Criminal Section; USAO - Texas, Eastern; ",17-516; 
1267,Environment; ,Environment and Natural Resources Division; USAO - New Mexico; ,17-515; 
1268,Public Corruption; StopFraud; ,"Criminal Division; Criminal - Criminal Fraud Section; USAO - California, Southern; ",17-514; 
1269,Tax; ,"Tax Division; USAO - North Carolina, Middle; ",17-513; 
1270,Civil Rights; Labor & Employment; ,Civil Rights Division; Civil Rights - Immigrant and Employee Rights Section; ,17-512; 
1271,StopFraud; ,Criminal Division; Criminal - Criminal Fraud Section; ,17-511; 
1272,Civil Rights; ,"Civil Rights Division; Civil Rights - Criminal Section; Federal Bureau of Investigation (FBI); USAO - Alabama, Middle; ",17-510; 
1273,Health Care Fraud; ,"Criminal Division; Criminal - Criminal Fraud Section; USAO - Michigan, Eastern; ",17-507; 
1274,Civil Rights; ,Civil Rights Division; Civil Rights - Criminal Section; Federal Bureau of Investigation (FBI); USAO - Puerto Rico; ,17-508; 
1275,Antitrust; ,Antitrust Division; ,17-506; 
1276,Tax; ,"Tax Division; USAO - New York, Southern; ",17-503; 
1277,Violent Crime; ,"Criminal Division; USAO - Virginia, Eastern; ",17-505; 
1278,None,Office of the Attorney General; ,17-502; 
1279,Civil Rights; ,"Civil Rights Division; Civil Rights - Criminal Section; Federal Bureau of Investigation (FBI); USAO - Arkansas, Eastern; ",17-504; 
1280,Civil Rights; Servicemembers Initiative; ,"Civil Rights Division; Civil Rights - Employment Litigation Section; Office of the Associate Attorney General; USAO - Texas, Western; ",17-501; 
1281,Counterterrorism; National Security; ,National Security Division (NSD); USAO - New Jersey; ,17-500; 
1282,Tax; ,Tax Division; ,17-499; 
1283,Public Corruption; ,"Criminal Division; USAO - Virginia, Eastern; ",17-498; 
1284,Identity Theft; ,Criminal Division; USAO - Massachusetts; ,17-497; 
1285,Consumer Protection; ,"Civil Division; USAO - Florida, Southern; ",17-496; 
1286,Public Corruption; ,"Criminal Division; USAO - Tennessee, Middle; ",17-495; 
1287,Financial Fraud; Foreign Corruption; ,"Criminal Division; Criminal - Criminal Fraud Section; USAO - New York, Southern; ",17-493; 
1288,Environment; ,"Environment and Natural Resources Division; USAO - Pennsylvania, Middle; ",17-494; 
1289,Project Safe Childhood; ,Criminal Division; Criminal - Child Exploitation and Obscenity Section; USAO - Delaware; ,17-492; 
1290,Environment; ,"Environment and Natural Resources Division; USAO - Mississippi, Southern; ",17-491; 
1291,Civil Rights; ,"Civil Rights Division; Civil Rights - Criminal Section; Federal Bureau of Investigation (FBI); USAO - Florida, Southern; ",17-490; 
1292,Civil Rights; ,"Civil Rights Division; Civil Rights - Criminal Section; Federal Bureau of Investigation (FBI); USAO - Louisiana, Western; ",17-489; 
1293,Project Safe Childhood; ,"Criminal Division; USAO - Virginia, Western; ",17-488; 
1294,Civil Rights; ,"Civil Rights Division; Civil Rights - Criminal Section; Community Relations Service; Federal Bureau of Investigation (FBI); USAO - Louisiana, Middle; ",17-487; 
1295,Identity Theft; Tax; ,"Tax Division; USAO - Georgia, Northern; ",17-486; 
1296,Identity Theft; Tax; ,Tax Division; ,17-485; 
1297,Civil Rights; ,Civil Rights Division; Civil Rights - Criminal Section; Federal Bureau of Investigation (FBI); Office of the Attorney General; USAO - South Carolina; ,17-484; 
1298,Human Trafficking; Project Safe Childhood; ,"Criminal Division; USAO - Alabama, Middle; ",17-483; 
1299,Tax; ,Tax Division; ,17-482; 
1300,False Claims Act; Health Care Fraud; ,"Civil Division; USAO - California, Central; ",17-481; 
1301,Immigration; ,Office of the Attorney General; ,17-477; 
1302,Antitrust; ,Antitrust Division; ,17-480; 
1303,False Claims Act; ,"Civil Division; USAO - Texas, Western; ",17-478; 
1304,Project Safe Childhood; ,Criminal Division; Criminal - Child Exploitation and Obscenity Section; ,17-479; 
1305,False Claims Act; Health Care Fraud; ,Civil Division; USAO - District of Columbia; USAO - South Carolina; ,17-476; 
1306,Tax; ,Tax Division; ,17-475; 
1307,Tax; ,"Tax Division; USAO - Indiana, Northern; ",17-473; 
1308,Office and Personnel Updates; ,National Security Division (NSD); Office of the Attorney General; ,17-471; 
1309,Antitrust; ,Antitrust Division; ,14-472; 
1310,False Claims Act; Health Care Fraud; ,"Civil Division; USAO - Indiana, Southern; ",17-470; 
1311,Environment; Wildlife; ,"Environment and Natural Resources Division; USAO - Texas, Eastern; ",17-469; 
1312,Elder Justice; ,USAO - North Dakota; ,None
1313,Counterterrorism; National Security; ,National Security Division (NSD); USAO - District of Columbia; ,17-468; 
1314,Civil Rights; Hate Crimes; ,Civil Rights Division; Civil Rights - Criminal Section; USAO - Idaho; ,17-466; 
1315,None,Office of the Attorney General; ,17-467; 
1316,Tax; ,"Tax Division; USAO - California, Northern; ",17-465; 
1317,Tax; ,"Tax Division; USAO - New York, Southern; ",17-463; 
1318,Antitrust; ,Antitrust Division; ,17-464; 
1319,None,"Criminal Division; USAO - Texas, Southern; ",17-461; 
1320,Civil Rights; ,"Civil Rights Division; Civil Rights - Criminal Section; USAO - Arkansas, Eastern; ",17-462; 
1321,Counterterrorism; National Security; ,"National Security Division (NSD); USAO - Virginia, Eastern; ",17-459; 
1322,Tax; ,"Tax Division; USAO - North Carolina, Middle; ",17-458; 
1323,Tax; ,"Tax Division; USAO - California, Eastern; ",17-457; 
1324,Tax; ,Tax Division; ,17-456; 
1325,Identity Theft; Tax; ,"Tax Division; USAO - Georgia, Northern; ",17-455; 
1326,None,Office of the Attorney General; ,17-454; 
1327,Identity Theft; Tax; ,Tax Division; USAO - Oregon; ,17-453; 
1328,Antitrust; ,Antitrust Division; ,17-452; 
1329,Tax; ,Tax Division; ,17-451; 
1330,False Claims Act; Health Care Fraud; ,"Civil Division; USAO - California, Northern; ",17-449; 
1331,Tax; ,Tax Division; ,17-448; 
1332,"Financial Fraud; Securities, Commodities, & Investment Fraud; StopFraud; ","Criminal Division; Criminal - Criminal Fraud Section; USAO - North Carolina, Western; ",17-450; 
1333,Drug Trafficking; ,"Criminal Division; USAO - Florida, Southern; ",17-447; 
1334,False Claims Act; ,"Civil Division; USAO - Georgia, Northern; ",17-446; 
1335,Tax; ,Tax Division; ,17-445; 
1336,Civil Rights; ,"Civil Rights Division; Civil Rights - Criminal Section; Federal Bureau of Investigation (FBI); USAO - Missouri, Western; ",17-444; 
1337,Counterintelligence and Export Control; National Security; ,"National Security Division (NSD); USAO - New York, Southern; ",17-443; 
1338,Civil Rights; Human Trafficking; ,"Civil Rights Division; Civil Rights - Criminal Section; Office of the Attorney General; USAO - New York, Eastern; ",17-442; 
1339,Civil Rights; Cyber Crime; ,"Civil Rights Division; Civil Rights - Criminal Section; Criminal Division; Federal Bureau of Investigation (FBI); Office of the Associate Attorney General; Office of the Attorney General; USAO - Florida, Middle; USAO - Georgia, Middle; ",17.441; 
1340,Cyber Crime; ,Criminal Division; USAO - Connecticut; ,17-440; 
1341,Cyber Crime; ,"Criminal Division; USAO - Washington, Western; ",17-439; 
1342,Tax; ,"Tax Division; USAO - California, Southern; ",17-439; 
1343,None,Office of the Attorney General; Office of the Deputy Attorney General; ,17-436; 
1344,"Environment; Securities, Commodities, & Investment Fraud; ","Criminal Division; Criminal - Criminal Fraud Section; Environment and Natural Resources Division; Office of Public Affairs; USAO - Michigan, Eastern; ",17-438; 
1345,None,"Criminal Division; Criminal - Criminal Fraud Section; USAO - Michigan, Eastern; ",17-437; 
1346,Tax; ,"Tax Division; USAO - Mississippi, Southern; ",17-435; 
1347,Immigration; ,Civil Division; ,17-434; 
1348,Tax; ,Tax Division; ,17-433; 
1349,Civil Rights; Public Corruption; ,"Criminal Division; USAO - Tennessee, Middle; ",17-432; 
1350,Drug Trafficking; ,Office of the Attorney General; USAO - Colorado; ,17-431; 
1351,None,Office of the Attorney General; ,17-430; 
1352,Tax; ,Tax Division; ,17-428; 
1353,Tax; ,Tax Division; ,17-427; 
1354,Public Corruption; ,Criminal Division; ,17-426; 
1355,Environment; ,"Environment and Natural Resources Division; USAO - Florida, Southern; ",17-425; 
1356,Civil Rights; ,Civil Rights Division; Civil Rights - Housing and Civil Enforcement Section; Civil Rights - Special Litigation Section; ,17-424; 
1357,Identity Theft; Tax; ,"Tax Division; USAO - Florida, Southern; ",17-422; 
1358,Civil Rights; Human Trafficking; ,"Civil Rights Division; Civil Rights - Criminal Section; Federal Bureau of Investigation (FBI); USAO - Georgia, Northern; ",17-423; 
1359,Tax; ,"Tax Division; USAO - New York, Western; ",17-421; 
1360,Counterterrorism; ,"National Security Division (NSD); USAO - Ohio, Northern; ",17-420; 
1361,None,Office of the Attorney General; ,17-415; 
1362,Identity Theft; Tax; ,"Tax Division; USAO - Florida, Southern; ",17-418; 
1363,Counterterrorism; ,"National Security Division (NSD); USAO - Florida, Southern; ",17-419; 
1364,Tax; ,Tax Division; ,17-416; 
1365,Cyber Crime; ,Criminal Division; USAO - New Jersey; ,17-417; 
1366,Indian Country Law and Justice; ,Office of the Attorney General; Office of the Deputy Attorney General; Office of Tribal Justice; ,17-413; 
1367,Antitrust; ,Antitrust Division; ,17-413; 
1368,Civil Rights; Servicemembers Initiative; ,Civil Rights Division; Civil Rights - Housing and Civil Enforcement Section; Office of the Associate Attorney General; USAO - South Dakota; ,17-411; 
1369,Project Safe Childhood; ,"Criminal Division; Criminal - Child Exploitation and Obscenity Section; USAO - Virginia, Eastern; ",17-410; 
1370,Environment; Wildlife; ,"Environment and Natural Resources Division; USAO - Virginia, Eastern; ",17-409; 
1371,Cyber Crime; ,"Criminal Division; USAO - Tennessee, Western; ",17-407; 
1372,Project Safe Childhood; ,"Criminal Division; Criminal - Child Exploitation and Obscenity Section; USAO - Alabama, Southern; ",17-408; 
1373,None,"Criminal Division; USAO - Texas, Southern; ",17-406; 
1374,None,"Office of the Attorney General; USAO - California, Southern; ",17-405; 
1375,Project Safe Childhood; ,"Criminal Division; Criminal - Child Exploitation and Obscenity Section; USAO - Michigan, Eastern; ",17-404; 
1376,Antitrust; ,Antitrust Division; ,17-403; 
1377,Tax; ,Tax Division; USAO - Colorado; ,17-402; 
1378,Tax; ,"Tax Division; USAO - Virginia, Western; ",17-401; 
1379,Health Care Fraud; StopFraud; ,"Criminal Division; USAO - Michigan, Eastern; ",17-400; 
1380,Counterterrorism; ,National Security Division (NSD); USAO - District of Columbia; ,17-399; 
1381,Tax; ,Tax Division; ,17-398; 
1382,Tax; ,Tax Division; ,17-397; 
1383,None,"Criminal Division; Criminal - Criminal Fraud Section; USAO - Michigan, Eastern; ",17-396; 
1384,False Claims Act; ,"Civil Division; USAO - Wisconsin, Western; ",17-394; 
1385,Civil Rights; ,"Civil Rights Division; Civil Rights - Criminal Section; USAO - Kentucky, Eastern; ",17-395; 
1386,Tax; ,"Tax Division; USAO - Virginia, Western; ",17-393; 
1387,Public Corruption; ,"Criminal Division; USAO - Virginia, Eastern; ",17-390; 
1388,Human Trafficking; ,Criminal Division; USAO - District of Columbia; ,17-392; 
1389,Antitrust; ,Antitrust Division; ,17-391; 
1390,Tax; ,Tax Division; USAO - Colorado; ,17-389; 
1391,Counterterrorism; ,"National Security Division (NSD); USAO - Illinois, Northern; ",17-388; 
1392,StopFraud; ,"Civil Rights - Criminal Section; Criminal - Criminal Fraud Section; USAO - Florida, Middle; ",17-387; 
1393,Environment; ,Environment and Natural Resources Division; ,17-386; 
1394,Antitrust; ,Antitrust Division; ,17-382; 
1395,Violent Crime; ,Criminal Division; ,17-385; 
1396,Tax; ,Tax Division; ,17-384; 
1397,Immigration; ,Office of the Attorney General; Office of the Deputy Attorney General; ,17-378; 
1398,Consumer Protection; ,"Civil Division; USAO - California, Central; ",17-380; 
1399,Civil Rights; Hate Crimes; ,"Civil Rights Division; Civil Rights - Criminal Section; USAO - California, Eastern; ",17-381; 
1400,Civil Rights; ,Civil Rights Division; Civil Rights - Criminal Section; ,17-379; 
1401,Cyber Crime; ,Criminal Division; ,17-378; 
1402,Tax; ,"Tax Division; USAO - Mississippi, Southern; ",17-377; 
1403,Tax; ,Tax Division; ,17-376; 
1404,False Claims Act; ,"Civil Division; USAO - Wisconsin, Western; ",17-375; 
1405,Violent Crime; ,Office of the Attorney General; ,17-374; 
1406,Environment; ,"Environment and Natural Resources Division; USAO - Ohio, Southern; ",17-373; 
1407,Tax; ,Tax Division; USAO - New Jersey; ,17-371; 
1408,None,Office of the Associate Attorney General; ,17-372; 
1409,None,Office of the Attorney General; ,17-370; 
1410,Opioids; Violent Crime; Drug Trafficking; ,"Criminal Division; USAO - Texas, Southern; ",17-369; 
1411,Opioids; Violent Crime; Drug Trafficking; ,Criminal Division; ,17-367; 
1412,Human Trafficking; Violent Crime; ,"Civil Rights Division; Civil Rights - Criminal Section; USAO - Kentucky, Western; ",17-368; 
1413,None,Criminal Division; Office for Victims of Crime (OJP); ,17-366; 
1414,Immigration; Labor & Employment; ,Civil Rights Division; Civil Rights - Immigrant and Employee Rights Section; ,17-365; 
1415,Asset Forfeiture; ,Office of the Attorney General; ,17-364; 
1416,Drug Trafficking; ,Criminal Division; ,17-363; 
1417,Tax; ,Tax Division; USAO - Nevada; ,17-362; 
1418,Civil Rights; Hate Crimes; ,"Civil Rights Division; Civil Rights - Criminal Section; USAO - Ohio, Northern; ",17-361; 
1419,Environment; Wildlife; ,"Environment and Natural Resources Division; USAO - Virginia, Eastern; ", 17-360; 
1420,Tax; ,Tax Division; ,17-359; 
1421,Civil Rights; Hate Crimes; ,Civil Rights Division; Civil Rights - Criminal Section; ,17-358; 
1422,Tax; ,Tax Division; ,17-357; 
1423,Tax; ,Tax Division; ,17-355; 
1424,Counterterrorism; ,"National Security Division (NSD); USAO - Florida, Southern; ",17-356; 
1425,None,Office of the Attorney General; Office of the Deputy Attorney General; ,17-354; 
1426,Counterterrorism; ,National Security Division (NSD); USAO - New Jersey; ,17-354; 
1427,Tax; ,"Tax Division; USAO - North Carolina, Middle; ",17-353; 
1428,Antitrust; ,Antitrust Division; ,17-352; 
1429,Tax; ,Tax Division; ,17-351; 
1430,Civil Rights; ,Civil Rights Division; ,17-349; 
1431,False Claims Act; ,Civil Division; ,17-350; 
1432,Drug Trafficking; ,Criminal Division; ,17-348; 
1433,Identity Theft; Tax; ,"Tax Division; USAO - Pennsylvania, Eastern; ",17-347; 
1434,Counterterrorism; ,National Security Division (NSD); USAO - South Carolina; ,17-345; 
1435,Counterterrorism; ,"National Security Division (NSD); USAO - Virginia, Eastern; ",17-344; 
1436,Health Care Fraud; StopFraud; ,"Criminal Division; Criminal - Criminal Fraud Section; USAO - Michigan, Eastern; ",17-346; 
1437,None,Criminal Division; Office of the Attorney General; ,None
1438,Environment; ,Environment and Natural Resources Division; ,17-344; 
1439,Identity Theft; Tax; ,"Tax Division; USAO - California, Northern; ",17-343; 
1440,None,Office of the Attorney General; ,17-341; 
1441,None,Office of the Attorney General; ,17-340; 
1442,Antitrust; ,Antitrust Division; ,17-342; 
1443,Health Care Fraud; StopFraud; ,"Criminal Division; Criminal - Criminal Fraud Section; USAO - Texas, Southern; ",None
1444,Tax; ,Tax Division; ,17-338; 
1445,Environment; ,Environment and Natural Resources Division; USAO - Maine; ,17-337; 
1446,Identity Theft; Immigration; Tax; ,"Tax Division; USAO - Missouri, Eastern; ",17-336; 
1447,Cyber Crime; ,Criminal Division; USAO - New Jersey; ,17-335; 
1448,Counterintelligence and Export Control; ,National Security Division (NSD); USAO - District of Columbia; ,17-333; 
1449,"Financial Fraud; Securities, Commodities, & Investment Fraud; StopFraud; ",Criminal Division; Criminal - Criminal Fraud Section; ,17-334; 
1450,None,Office of the Attorney General; ,17-329; 
1451,Antitrust; ,Antitrust Division; ,17-330; 
1452,Public Corruption; ,"Criminal Division; USAO - Texas, Southern; ",17-329; 
1453,Violent Crime; ,Criminal Division; USAO - Maryland; ,17-328; 
1454,Cyber Crime; ,"Criminal Division; USAO - Tennessee, Middle; ",17-326; 
1455,"Financial Fraud; Securities, Commodities, & Investment Fraud; ",Antitrust Division; Criminal Division; Criminal - Criminal Fraud Section; ,17-327; 
1456,Cyber Crime; ,Criminal Division; USAO - Minnesota; ,17-325; 
1457,Public Corruption; ,"Criminal Division; USAO - Tennessee, Middle; ",17-324; 
1458,Immigration; ,"Office of the Deputy Attorney General; USAO - Virginia, Eastern; ",17-323; 
1459,Cyber Crime; ,"Criminal Division; USAO - Florida, Southern; ",17-320; 
1460,Civil Rights; Human Trafficking; ,"Civil Rights Division; Civil Rights - Criminal Section; USAO - Florida, Middle; ",17-322; 
1461,Immigration; ,"Criminal Division; USAO - Florida, Middle; ",17-319; 
1462,Civil Rights; Human Trafficking; ,"Civil Rights Division; Civil Rights - Criminal Section; USAO - Tennessee, Eastern; ",17-321; 
1463,Tax; ,"Tax Division; USAO - North Carolina, Middle; ",17-331; 
1464,Civil Rights; Human Trafficking; ,"USAO - Florida, Southern; ",17-313; 
1465,Financial Fraud; Tax; ,"Tax Division; USAO - California, Northern; ",17-316; 
1466,Financial Fraud; ,Criminal Division; Criminal - Criminal Fraud Section; ,17-318; 
1467,Antitrust; ,Antitrust Division; ,17-317; 
1468,Counterintelligence and Export Control; ,Criminal Division; National Security Division (NSD); USAO - District of Columbia; ,17-314; 
1469,Tax; ,Tax Division; USAO - Montana; ,17-312; 
1470,Consumer Protection; ,Civil Division; ,17-315; 
1471,Antitrust; ,Antitrust Division; ,17-309; 
1472,Tax; ,Tax Division; ,17-311; 
1473,Tax; ,"Tax Division; USAO - Florida, Middle; ",17-307; 
1474,Antitrust; ,Antitrust Division; ,17-308; 
1475,Tax; ,Tax Division; USAO - Massachusetts; ,17-310; 
1476,Health Care Fraud; Prescription Drugs; ,"Criminal Division; Criminal - Criminal Fraud Section; USAO - Florida, Southern; ",17-306; 
1477,None,Office of the Attorney General; ,17-305; 
1478,Counterintelligence and Export Control; ,"National Security Division (NSD); USAO - Texas, Northern; ",17-304; 
1479,Tax; ,"Tax Division; USAO - Texas, Southern; ",17-302; 
1480,Consumer Protection; ,Civil Division; USAO - Massachusetts; ,17-303; 
1481,Consumer Protection; ,"Civil Division; USAO - Florida, Southern; ",17-301; 
1482,Cyber Crime; Intellectual Property; ,"Criminal Division; USAO - Georgia, Northern; ",17-298; 
1483,Consumer Protection; ,Civil Division; ,17-300; 
1484,Public Corruption; ,Criminal Division; ,17-299; 
1485,Tax; ,Tax Division; USAO - Maryland; ,17- 297; 
1486,None,Office of the Attorney General; ,17-296; 
1487,Civil Rights; ,Civil Rights Division; Civil Rights - Immigrant and Employee Rights Section; ,17-296; 
1488,Civil Rights; ,Civil Rights Division; Civil Rights - Disability Rights Section; ,17-295; 
1489,Immigration; ,Office of the Attorney General; ,17-294; 
1490,Immigration; ,"Civil Division; USAO - Illinois, Southern; ",17-292; 
1491,None,Criminal Division; USAO - North Dakota; ,17-293; 
1492,Civil Rights; ,"Civil Rights Division; Civil Rights - Educational Opportunities Section; USAO - Virginia, Eastern; ",17-291; 
1493,Tax; ,Tax Division; USAO - Kansas; ,17-290 ; 
1494,Cyber Crime; ,"Criminal Division; USAO - Texas, Northern; ",17-289; 
1495,Health Care Fraud; StopFraud; ,"Criminal Division; Criminal - Criminal Fraud Section; USAO - Texas, Southern; ",17-288; 
1496,Civil Rights; ,Civil Rights Division; Civil Rights - Criminal Section; USAO - Kansas; ,17-287; 
1497,Counterterrorism; ,"National Security Division (NSD); USAO - New York, Eastern; ",17-286; 
1498,Tax; ,"Tax Division; USAO - Florida, Southern; ",17-285; 
1499,Civil Rights; Hate Crimes; ,"Civil Rights Division; Civil Rights - Criminal Section; USAO - Pennsylvania, Western; ",17-284; 
1500,Environment; ,Environment and Natural Resources Division; USAO - Kansas; ,17-281; 
1501,Human Trafficking; Project Safe Childhood; ,"Criminal Division; Criminal - Child Exploitation and Obscenity Section; USAO - Virginia, Eastern; ",17-283; 
1502,Antitrust; ,Antitrust Division; ,17-280; 
1503,Consumer Protection; ,Civil Division; ,17-279; 
1504,Counterintelligence and Export Control; ,"National Security Division (NSD); USAO - California, Northern; ",17-278; 
1505,Consumer Protection; ,"Civil Division; USAO - Virginia, Western; ",17-277; 
1506,Health Care Fraud; StopFraud; ,"Criminal Division; Criminal - Criminal Fraud Section; USAO - Florida, Southern; ",17-277; 
1507,Public Corruption; ,Criminal Division; Criminal - Criminal Fraud Section; ,17-276; 
1508,Counterterrorism; ,National Security Division (NSD); USAO - District of Columbia; ,17-275; 
1509,Identity Theft; ,Civil Rights Division; Civil Rights - Criminal Section; USAO - Puerto Rico; ,17-274; 
1510,Grants; ,Office for Victims of Crime (OJP); Office of the Attorney General; ,17-273; 
1511,None,Office of the Attorney General; ,17-272; 
1512,Civil Rights; ,"Civil Rights Division; Civil Rights - Educational Opportunities Section; USAO - Louisiana, Eastern; USAO - Mississippi, Northern; ",17-271; 
1513,Civil Rights; Immigration; ,Civil Rights Division; Civil Rights - Immigrant and Employee Rights Section; ,17-270; 
1514,StopFraud; ,"Criminal Division; Criminal - Criminal Fraud Section; USAO - California, Central; ",17-268; 
1515,Health Care Fraud; ,Civil Division; ,17-269; 
1516,Tax; ,"Tax Division; USAO - California, Central; ",17-266; 
1517,Identity Theft; Tax; ,"Tax Division; USAO - Virginia, Eastern; ",17-267; 
1518,Antitrust; ,Antitrust Division; USAO - Connecticut; ,17-265; 
1519,False Claims Act; ,Civil Division; USAO - District of Columbia; ,17-264; 
1520,Environment; StopFraud; ,"Criminal Division; Criminal - Criminal Fraud Section; Environment and Natural Resources Division; USAO - Michigan, Eastern; ",17-263; 
1521,Civil Rights; Hate Crimes; ,"Civil Rights Division; Civil Rights - Criminal Section; Federal Bureau of Investigation (FBI); USAO - Florida, Middle; ",17-262; 
1522,Project Safe Childhood; ,"Criminal Division; Criminal - Child Exploitation and Obscenity Section; USAO - Virginia, Eastern; ",17-260; 
1523,Counterintelligence and Export Control; ,"National Security Division (NSD); USAO - Virginia, Eastern; ",17-259; 
1524,Tax; ,Tax Division; ,17-258; 
1525,Cyber Crime; ,"Criminal Division; USAO - Mississippi, Southern; ",17-257; 
1526,Violent Crime; ,Office of the Attorney General; Office of the Deputy Attorney General; ,17-256; 
1527,Civil Rights; Hate Crimes; ,Civil Rights Division; Civil Rights - Criminal Section; Federal Bureau of Investigation (FBI); USAO - Minnesota; ,17-255; 
1528,Counterterrorism; ,National Security Division (NSD); USAO - Nevada; ,None
1529,Tax; ,Tax Division; ,17-254; 
1530,Antitrust; ,Antitrust Division; ,17-253; 
1531,Asset Forfeiture; Counterintelligence and Export Control; ,"National Security Division (NSD); USAO - Texas, Northern; ",17-252; 
1532,Cyber Crime; ,Criminal Division; USAO - Minnesota; ,17-251; 
1533,Tax; ,"Tax Division; USAO - Pennsylvania, Eastern; ",17-250; 
1534,Tax; ,"Tax Division; USAO - Louisiana, Western; ",17-249; 
1535,Tax; ,Tax Division; USAO - Nevada; ,17-247; 
1536,Health Care Fraud; StopFraud; ,"Criminal Division; Criminal - Criminal Fraud Section; USAO - California, Central; ",17-248; 
1537,Drug Trafficking; ,Criminal Division; Drug Enforcement Administration (DEA); ,17-246; 
1538,Financial Fraud; Tax; ,"Tax Division; USAO - Tennessee, Middle; ",17-245; 
1539,Health Care Fraud; ,"Criminal Division; Criminal - Criminal Fraud Section; USAO - Texas, Southern; ",17-244; 
1540,Civil Rights; ,"Civil Rights Division; Civil Rights - Housing and Civil Enforcement Section; USAO - Washington, Western; ",17-242; 
1541,"Securities, Commodities, & Investment Fraud; StopFraud; ","Criminal Division; Criminal - Criminal Fraud Section; USAO - Texas, Northern; ",17-243; 
1542,Civil Rights; ,Civil Rights Division; Civil Rights - Criminal Section; Federal Bureau of Investigation (FBI); USAO - Minnesota; ,17-240; 
1543,Identity Theft; Tax; ,Tax Division; ,17-238; 
1544,None,Office of the Attorney General; ,17-237; 
1545,Tax; ,Tax Division; USAO - New Jersey; ,17-230; 
1546,Drug Trafficking; ,Office of Public Affairs; ,17-239; 
1547,Public Corruption; ,"Criminal Division; USAO - Arkansas, Western; ",17-241; 
1548,Project Safe Childhood; ,Criminal Division; Criminal - Child Exploitation and Obscenity Section; USAO - Massachusetts; ,17-235; 
1549,Health Care Fraud; StopFraud; ,"Criminal Division; Criminal - Criminal Fraud Section; USAO - Michigan, Eastern; ",17-234; 
1550,Health Care Fraud; StopFraud; ,"Criminal Division; Criminal - Criminal Fraud Section; USAO - Florida, Southern; ",17-236; 
1551,Tax; ,Tax Division; USAO - Idaho; ,17-233; 
1552,Civil Rights; ,Civil Rights Division; Civil Rights - Disability Rights Section; USAO - District of Columbia; ,17-232; 
1553,Opioids; Drug Trafficking; Firearms Offenses; ,"USAO - California, Southern; ",None
1554,Project Safe Childhood; ,"Criminal Division; Criminal - Child Exploitation and Obscenity Section; USAO - Florida, Southern; ",17-231; 
1555,Counterintelligence and Export Control; ,"National Security Division (NSD); USAO - New York, Eastern; ",17-229; 
1556,Public Corruption; ,Criminal Division; ,17-228; 
1557,Violent Crime; ,Office of the Attorney General; ,17-227; 
1558,StopFraud; ,"Criminal Division; Criminal - Criminal Fraud Section; USAO - Michigan, Eastern; ",17-226; 
1559,Public Corruption; ,Criminal Division; ,17-225; 
1560,Health Care Fraud; StopFraud; ,"Criminal Division; Criminal - Criminal Fraud Section; USAO - Florida, Southern; ",17-223; 
1561,Counterterrorism; ,"National Security Division (NSD); USAO - Virginia, Eastern; ",17-222; 
1562,Counterintelligence and Export Control; ,"National Security Division (NSD); USAO - Florida, Southern; ",17-221; 
1563,Environment; ,"Environment and Natural Resources Division; USAO - Louisiana, Western; ",17-219; 
1564,Civil Rights; Human Trafficking; ,"Civil Rights Division; Civil Rights - Criminal Section; USAO - Florida, Middle; ",17-217; 
1565,Tax; ,Tax Division; ,17-220; 
1566,Environment; ,Environment and Natural Resources Division; ,17-218; 
1567,Financial Fraud; StopFraud; ,Civil Division; ,17-216; 
1568,Civil Rights; Hate Crimes; ,Civil Rights Division; Civil Rights - Criminal Section; Federal Bureau of Investigation (FBI); USAO - Kansas; ,17-215; 
1569,Civil Rights; ,Civil Rights Division; Civil Rights - Educational Opportunities Section; Office of the Attorney General; ,17-214; 
1570,Intellectual Property; ,Criminal Division; USAO - New Jersey; ,17-213; 
1571,Civil Rights; ,"Civil Rights Division; Civil Rights - Criminal Section; Federal Bureau of Investigation (FBI); USAO - West Virginia, Northern; ",17-212; 
1572,Tax; ,Tax Division; ,17-211; 
1573,Tax; ,Tax Division; USAO - Kansas; ,17-210; 
1574,Tax; ,Tax Division; ,17-209; 
1575,Tax; ,"Tax Division; USAO - Texas, Northern; ",17-208; 
1576,Environment; Wildlife; ,"Environment and Natural Resources Division; USAO - New York, Southern; ",17-207; 
1577,Civil Rights; ,"Civil Rights Division; Civil Rights - Housing and Civil Enforcement Section; USAO - Michigan, Eastern; ",17-206; 
1578,Tax; ,Tax Division; ,17-205; 
1579,Identity Theft; Tax; ,"Tax Division; USAO - Louisiana, Eastern; ",17-204; 
1580,Consumer Protection; ,Civil Division; ,17-203; 
1581,Counterterrorism; ,"National Security Division (NSD); USAO - Missouri, Western; ",17-202; 
1582,Identity Theft; Tax; ,Tax Division; USAO - District of Columbia; ,17-201; 
1583,Consumer Protection; ,"Civil Division; USAO - North Carolina, Western; ",17-199; 
1584,Counterterrorism; ,"National Security Division (NSD); USAO - Wisconsin, Western; ",17-200; 
1585,Counterterrorism; ,"National Security Division (NSD); USAO - Virginia, Eastern; ",17-198; 
1586,Environment; ,Environment and Natural Resources Division; ,17-197; 
1587,Project Safe Childhood; ,"Criminal Division; Criminal - Child Exploitation and Obscenity Section; USAO - Texas, Southern; ",17-196; 
1588,Civil Rights; ,Civil Rights Division; Civil Rights - Criminal Section; Federal Bureau of Investigation (FBI); USAO - Idaho; ,17-195; 
1589,Cyber Crime; Identity Theft; ,Criminal Division; USAO - New Jersey; ,17-193; 
1590,Civil Rights; ,"Civil Rights Division; Civil Rights - Criminal Section; Federal Bureau of Investigation (FBI); USAO - Tennessee, Eastern; ",17-194; 
1591,None,Criminal Division; National Security Division (NSD); USAO - Kansas; ,17-192; 
1592,Identity Theft; Tax; ,Tax Division; USAO - Oregon; ,17-191; 
1593,Tax; ,"Tax Division; USAO - Florida, Middle; ",17-190; 
1594,Public Corruption; StopFraud; ,"Criminal Division; Criminal - Criminal Fraud Section; USAO - California, Southern; ",17-189; 
1595,Consumer Protection; ,"Civil Division; USAO - Louisiana, Western; ",17-188; 
1596,Tax; ,"Tax Division; USAO - Washington, Eastern; ",17-187; 
1597,Health Care Fraud; StopFraud; ,"Criminal Division; Criminal - Criminal Fraud Section; USAO - New York, Eastern; ",17-186; 
1598,Civil Rights; ,Civil Rights Division; Civil Rights - Criminal Section; ,17-185; 
1599,Identity Theft; Tax; ,"Tax Division; USAO - California, Northern; ",None
1600,Counterterrorism; ,"National Security Division (NSD); USAO - California, Central; ",17-183; 
1601,Tax; ,"Tax Division; USAO - Georgia, Middle; ",17-182; 
1602,None,Office of the Attorney General; ,17-180; 
1603,Civil Rights; ,"Civil Rights Division; USAO - Louisiana, Western; ",17-181; 
1604,Tax; ,"Tax Division; USAO - California, Northern; ",17-179; 
1605,Violent Crime; ,"Criminal Division; USAO - North Carolina, Eastern; ",17-178; 
1606,Tax; ,"Tax Division; USAO - Pennsylvania, Eastern; ",17-177; 
1607,None,Office of the Attorney General; ,17-176; 
1608,Counterterrorism; ,"National Security Division (NSD); USAO - New York, Eastern; ",17-175; 
1609,Tax; ,"Tax Division; USAO - Virginia, Eastern; ",17-174; 
1610,Counterterrorism; ,"National Security Division (NSD); USAO - Virginia, Eastern; ",17-173; 
1611,None,Office of the Attorney General; ,17-172; 
1612,Identity Theft; Tax; ,"Tax Division; USAO - Missouri, Eastern; ",17-171; 
1613,Civil Rights; ,"Civil Rights Division; Civil Rights - Criminal Section; USAO - Oklahoma, Western; ",17-170; 
1614,Identity Theft; Tax; ,"Tax Division; USAO - Illinois, Northern; ",17-169; 
1615,Antitrust; ,Antitrust Division; ,17-168; 
1616,Identity Theft; Tax; ,"Tax Division; USAO - Illinois, Northern; ",17-166; 
1617,Counterintelligence and Export Control; National Security; ,National Security Division (NSD); USAO - Maryland; ,17-165; 
1618,Counterterrorism; ,National Security Division (NSD); USAO - Arizona; ,17-163; 
1619,Tax; ,Tax Division; ,17-161; 
1620,Antitrust; ,Antitrust Division; ,17-162; 
1621,Public Corruption; ,"Civil Rights - Criminal Section; USAO - Florida, Middle; ",17-163; 
1622,Project Safe Childhood; ,Criminal Division; Criminal - Child Exploitation and Obscenity Section; USAO - Delaware; ,None
1623,Hate Crimes; ,"Civil Rights Division; Civil Rights - Criminal Section; USAO - Florida, Middle; ",17-160; 
1624,Identity Theft; Tax; ,"Tax Division; USAO - California, Northern; ",17-159; 
1625,Cyber Crime; Financial Fraud; Identity Theft; ,"Criminal Division; USAO - Mississippi, Southern; ",17-158; 
1626,Civil Rights; Hate Crimes; ,Civil Rights Division; Civil Rights - Criminal Section; USAO - Idaho; ,17-157; 
1627,Project Safe Childhood; ,"Criminal Division; Criminal - Child Exploitation and Obscenity Section; USAO - North Carolina, Western; ",17-156; 
1628,None,Criminal Division; ,17-155; 
1629,Intellectual Property; ,"Criminal Division; USAO - Texas, Southern; ",17-150; 
1630,Antitrust; ,Antitrust Division; ,17-154; 
1631,Civil Rights; ,Civil Rights Division; Civil Rights - Disability Rights Section; ,17-153; 
1632,False Claims Act; Health Care Fraud; ,"Civil Division; USAO - Illinois, Northern; ",17-151; 
1633,Cyber Crime; Identity Theft; ,Criminal Division; USAO - New Hampshire; ,17-151; 
1634,Civil Rights; ,"Civil Rights Division; Civil Rights - Criminal Section; USAO - Florida, Southern; ",17-149; 
1635,Civil Rights; ,"Civil Rights Division; Civil Rights - Criminal Section; Federal Bureau of Investigation (FBI); USAO - Mississippi, Northern; ",17-147; 
1636,Civil Rights; ,"Civil Rights Division; Civil Rights - Criminal Section; Federal Bureau of Investigation (FBI); USAO - North Carolina, Middle; ",17-146; 
1637,Antitrust; ,Antitrust Division; ,17-148; 
1638,Consumer Protection; ,Civil Division; ,17-145; 
1639,Civil Rights; Immigration; ,Civil Rights Division; Civil Rights - Immigrant and Employee Rights Section; ,17-144; 
1640,Elder Justice; Financial Fraud; StopFraud; ,"Criminal Division; Criminal - Criminal Fraud Section; USAO - North Carolina, Western; ",17-143; 
1641,Human Trafficking; Project Safe Childhood; ,"Criminal Division; Criminal - Child Exploitation and Obscenity Section; USAO - Texas, Southern; ",17-140; 
1642,Health Care Fraud; ,Criminal Division; Criminal - Criminal Fraud Section; ,17-142; 
1643,Consumer Protection; ,"Civil Division; USAO - Florida, Southern; ",17-140; 
1644,Public Corruption; ,"Criminal Division; USAO - New York, Western; ",17-139; 
1645,Tax; ,Tax Division; ,17-138; 
1646,Counterterrorism; ,"National Security Division (NSD); USAO - Florida, Southern; ",17-137; 
1647,Consumer Protection; ,Civil Division; USAO - South Dakota; ,17-136; 
1648,Tax; ,"Tax Division; USAO - Georgia, Northern; ",17-135; 
1649,Tax; ,"Tax Division; USAO - California, Central; ",17-134; 
1650,Public Corruption; ,"Criminal Division; USAO - Louisiana, Middle; ",17-133; 
1651,Civil Rights; ,Civil Rights Division; Civil Rights - Educational Opportunities Section; ,17-132; 
1652,None,Office of the Attorney General; ,17-131; 
1653,Environment; ,Environment and Natural Resources Division; USAO - District of Columbia; ,17-127; 
1654,Firearms Offenses; ,Criminal Division; USAO - Kansas; ,17-126; 
1655,Violent Crime; ,Criminal Division; USAO - South Carolina; ,17-130; 
1656,Asset Forfeiture; Prescription Drugs; Tax; ,"Tax Division; USAO - Ohio, Southern; ",17-129; 
1657,Counterterrorism; ,"National Security Division (NSD); USAO - Pennsylvania, Middle; ",17-128; 
1658,Health Care Fraud; ,"Criminal Division; Criminal - Criminal Fraud Section; USAO - New York, Eastern; ",17-125; 
1659,Firearms Offenses; Violent Crime; ,"Criminal Division; USAO - Virginia, Eastern; ",17-124; 
1660,Tax; ,"Tax Division; USAO - West Virginia, Southern; ",17-122; 
1661,Antitrust; ,Antitrust Division; ,17-121; 
1662,Opioids; Civil Rights; Human Trafficking; ,Civil Rights Division; Civil Rights - Criminal Section; USAO - New Hampshire; ,17-120; 
1663,Counterterrorism; ,"National Security Division (NSD); USAO - New York, Western; ",17-119; 
1664,Health Care Fraud; StopFraud; ,"Criminal Division; Criminal - Criminal Fraud Section; USAO - Louisiana, Eastern; ",17-118; 
1665,"Financial Fraud; Securities, Commodities, & Investment Fraud; StopFraud; ","Criminal Division; Criminal - Criminal Fraud Section; USAO - Virginia, Eastern; ",17-116; 
1666,Tax; ,Tax Division; ,17-117; 
1667,Identity Theft; Tax; ,"Tax Division; USAO - California, Northern; ",17-114; 
1668,Identity Theft; Tax; ,"Tax Division; USAO - Illinois, Northern; ",17-113; 
1669,Tax; ,Tax Division; ,17-115; 
1670,Drug Trafficking; Violent Crime; ,Criminal Division; ,17-112; 
1671,Firearms Offenses; Violent Crime; ,Criminal Division; ,17-110; 
1672,Tax; ,"Tax Division; USAO - Pennsylvania, Eastern; ",17-111; 
1673,Tax; ,Tax Division; ,17-109; 
1674,Tax; ,Tax Division; ,17-108; 
1675,False Claims Act; ,"Civil Division; USAO - Washington, Eastern; ",17-107; 
1676,Tax; ,Tax Division; ,17-105; 
1677,Antitrust; ,Antitrust Division; ,17-106; 
1678,Opioids; Violent Crime; Drug Trafficking; Firearms Offenses; ,"Criminal Division; USAO - Florida, Southern; USAO - New York, Southern; ",17-104; 
1679,None,Office of Public Affairs; ,17-103; 
1680,None,Office of Public Affairs; ,17-102; 
1681,Foreign Corruption; ,Criminal Division; Criminal - Criminal Fraud Section; ,17-101; 
1682,Counterterrorism; ,"National Security Division (NSD); USAO - New York, Eastern; ",17-100; 
1683,Opioids; ,Office of the Deputy Attorney General; ,17-099; 
1684,Environment; ,Environment and Natural Resources Division; ,17-096; 
1685,None,Office of the Deputy Attorney General; ,17-098; 
1686,Opioids; Prescription Drugs; ,"Drug Enforcement Administration (DEA); USAO - California, Central; USAO - California, Eastern; USAO - Michigan, Eastern; USAO - Washington, Eastern; USAO - Washington, Western; ",17-097; 
1687,Environment; ,Environment and Natural Resources Division; ,17-095; 
1688,Asset Forfeiture; ,"Criminal Division; USAO - California, Central; USAO - Florida, Southern; USAO - Pennsylvania, Eastern; USAO - Pennsylvania, Middle; ",17-094; 
1689,Environment; ,Environment and Natural Resources Division; ,17-093; 
1690,Environment; ,Environment and Natural Resources Division; ,17-086; 
1691,None,"Criminal Division; USAO - Michigan, Eastern; ",17-092; 
1692,Consumer Protection; ,Civil Division; ,17-087; 
1693,Tax; ,Tax Division; ,17-090; 
1694,Intellectual Property; ,Criminal Division; USAO - Nevada; ,17-089; 
1695,Antitrust; ,Antitrust Division; ,17-088; 
1696,"Financial Fraud; Securities, Commodities, & Investment Fraud; StopFraud; ",Criminal Division; Criminal - Criminal Fraud Section; USAO - Massachusetts; ,17-084; 
1697,Office and Personnel Updates; ,Office of the Associate Attorney General; Office of the Attorney General; ,17-091; 
1698,"Financial Fraud; Mortgage Fraud; Securities, Commodities, & Investment Fraud; StopFraud; ",Civil Division; Office of the Associate Attorney General; USAO - Colorado; ,17-085; 
1699,Environment; Indian Country Law and Justice; ,Environment and Natural Resources Division; ,17-081; 
1700,Identity Theft; Tax; ,"Tax Division; USAO - Illinois, Northern; ",17-083; 
1701,Violent Crime; ,Criminal Division; ,16-082; 
1702,Environment; ,Environment and Natural Resources Division; ,17-080; 
1703,Tax; ,"Tax Division; USAO - Virginia, Eastern; ",17-079; 
1704,Opioids; Prescription Drugs; ,"Criminal Division; Drug Enforcement Administration (DEA); USAO - California, Central; USAO - California, Eastern; USAO - Colorado; USAO - Florida, Middle; USAO - Illinois, Northern; USAO - Kentucky, Eastern; USAO - Massachusetts; USAO - Michigan, Eastern; USAO - Nebraska; USAO - New Jersey; USAO - West Virginia, Northern; USAO - Wisconsin, Western; ",17-078; 
1705,Counterterrorism; ,"National Security Division (NSD); USAO - Florida, Middle; ",17-76; 
1706,Civil Rights; ,Civil Rights Division; Civil Rights - Immigrant and Employee Rights Section; USAO - Guam & Northern Mariana Islands; ,17-075; 
1707,Foreign Corruption; ,"Criminal Division; Criminal - Criminal Fraud Section; USAO - Ohio, Southern; ",17-074; 
1708,"Financial Fraud; Mortgage Fraud; Securities, Commodities, & Investment Fraud; StopFraud; ","Civil Division; Office of the Associate Attorney General; USAO - New York, Eastern; ",17-077; 
1709,Antitrust; ,Antitrust Division; ,17-073; 
1710,Antitrust; ,Antitrust Division; ,17-072; 
1711,Financial Fraud; Mortgage Fraud; StopFraud; ,Civil Division; USAO - New Jersey; ,17-070; 
1712,Civil Rights; StopFraud; ,Civil Rights Division; Civil Rights - Housing and Civil Enforcement Section; ,17-071; 
1713,Opioids; Violent Crime; Drug Trafficking; ,"Criminal Division; USAO - Texas, Western; ",17-066; 
1714,Antitrust; ,Antitrust Division; ,17-069; 
1715,False Claims Act; Health Care Fraud; ,Civil Division; USAO - Massachusetts; ,17-067; 
1716,Environment; ,Environment and Natural Resources Division; ,17-068; 
1717,Foreign Corruption; ,Criminal Division; Criminal - Criminal Fraud Section; ,17-065; 
1718,Environment; ,Environment and Natural Resources Division; ,17-061; 
1719,Grants; ,Office on Violence Against Women; ,17-064; 
1720,Project Safe Childhood; ,"Civil Rights - Criminal Section; Criminal - Child Exploitation and Obscenity Section; USAO - Virginia, Eastern; ",17-063; 
1721,Consumer Protection; Financial Fraud; ,"Criminal Division; Criminal - Criminal Fraud Section; USAO - Michigan, Eastern; ",17-060; 
1722,Civil Rights; ,Civil Rights Division; Civil Rights - Criminal Section; USAO - South Carolina; ,17-062; 
1723,Office and Personnel Updates; ,Office of the Attorney General; USAO - Arizona; ,17-056; 
1724,Antitrust; ,Antitrust Division; ,17-059; 
1725,Civil Rights; ,"Civil Rights Division; Civil Rights - Special Litigation Section; Office of the Attorney General; USAO - Illinois, Northern; ",17-057; 
1726,Public Corruption; ,"Criminal Division; Criminal - Criminal Fraud Section; USAO - California, Southern; ",17-053; 
1727,Opioids; Office and Personnel Updates; ,"Office of the Attorney General; USAO - Alabama, Northern; ",17-054; 
1728,Consumer Protection; False Claims Act; Health Care Fraud; ,"Civil Division; USAO - North Carolina, Western; ",17-052; 
1729,Project Safe Childhood; ,"Criminal Division; Criminal - Child Exploitation and Obscenity Section; USAO - North Carolina, Western; ",17-047; 
1730,None,Office of the Attorney General; ,17-051; 
1731,Health Care Fraud; ,"Criminal Division; Criminal - Criminal Fraud Section; USAO - Texas, Southern; ",17-050; 
1732,Civil Rights; ,Civil Rights Division; ,17-49; 
1733,Antitrust; ,Antitrust Division; ,17-047; 
1734,Civil Rights; ,"Civil Rights Division; Civil Rights - Voting Section; USAO - New York, Eastern; ",17-048; 
1735,Environment; ,"Environment and Natural Resources Division; USAO - North Carolina, Eastern; ",17-043; 
1736,Foreign Corruption; ,Criminal Division; Criminal - Criminal Fraud Section; Criminal Investigative Division (FBI); ,17-045; 
1737,Civil Rights; ,Civil Rights Division; Civil Rights - Special Litigation Section; Office of the Attorney General; ,17-042; 
1738,Tax; ,Tax Division; ,17-043; 
1739,Tax; ,Tax Division; USAO - Montana; ,17-041; 
1740,Tax; ,Tax Division; ,17-040; 
1741,None,Office of the Attorney General; ,17-038; 
1742,None,Civil Division; Criminal Division; Environment and Natural Resources Division; Office of the Attorney General; ,17-037; 
1743,False Claims Act; Health Care Fraud; ,"Civil Division; USAO - District of Columbia; USAO - Florida, Middle; USAO - Pennsylvania, Eastern; USAO - Tennessee, Middle; ",17-035; 
1744,Civil Rights; ,"Civil Rights Division; Civil Rights - Voting Section; USAO - Michigan, Eastern; ",17-033; 
1745,Civil Rights; Hate Crimes; ,Office of the Attorney General; ,17-031; 
1746,Counterterrorism; ,"National Security Division (NSD); USAO - New York, Eastern; ",17-32; 
1747,None,"Criminal Division; USAO - New York, Southern; ",17-029; 
1748,Antitrust; ,Antitrust Division; ,17-030; 
1749,Civil Rights; ,"Civil Rights Division; Civil Rights - Criminal Section; USAO - Alabama, Northern; ",17-028; 
1750,None,"Criminal Division; USAO - Virginia, Eastern; ",17-027; 
1751,Foreign Corruption; ,"Criminal Division; Criminal - Criminal Fraud Section; USAO - Texas, Southern; ",17-025; 
1752,Health Care Fraud; ,"Criminal Division; Criminal - Criminal Fraud Section; USAO - Michigan, Eastern; ",17-023; 
1753,Civil Rights; ,Civil Rights Division; Civil Rights - Disability Rights Section; ,17-022; 
1754,Human Trafficking; ,Office of the Attorney General; ,17-020; 
1755,Civil Rights; ,"Civil Rights Division; Civil Rights - Criminal Section; USAO - West Virginia, Northern; ",17-021; 
1756,None,Office of the Attorney General; ,17-019; 
1757,None,Criminal Division; Criminal - Criminal Fraud Section; Environment and Natural Resources Division; ,17-017; 
1758,Tax; ,Tax Division; ,17-018; 
1759,"Securities, Commodities, & Investment Fraud; StopFraud; ",Criminal Division; Criminal - Criminal Fraud Section; ,17-016; 
1760,Drug Trafficking; ,"Criminal Division; USAO - Florida, Southern; ",17-015; 
1761,None,National Security Division (NSD); ,17-014; 
1762,None,Office of the Deputy Attorney General; ,17-013; 
1763,Consumer Protection; ,Civil Division; ,17-011; 
1764,Tax; ,Tax Division; USAO - Utah; ,17-009; 
1765,Violent Crime; ,Criminal Division; USAO - Maryland; ,17-007; 
1766,None,"Criminal Division; USAO - Florida, Southern; ",17-008; 
1767,Project Safe Childhood; ,"Criminal Division; Criminal - Child Exploitation and Obscenity Section; USAO - Alabama, Northern; ",17-006; 
1768,Public Corruption; ,"Criminal Division; USAO - Arkansas, Western; ",17-005; 
1769,Civil Rights; ,Civil Rights Division; Civil Rights - Special Litigation Section; ,17-003; 
1770,None,Criminal Division; USAO - District of Columbia; ,17-004; 
1771,Antitrust; ,Antitrust Division; ,17-002; 
1772,Civil Rights; ,Civil Rights Division; Civil Rights - Special Litigation Section; ,17-001; 
1773,Tax; ,"Tax Division; USAO - California, Southern; ",16-1537; 
1774,Financial Fraud; Foreign Corruption; ,Criminal Division; Criminal - Criminal Fraud Section; Criminal Investigative Division (FBI); ,16-1536; 
1775,Tax; ,Tax Division; ,16-1535; 
1776,Identity Theft; Tax; ,"Tax Division; USAO - Louisiana, Eastern; ",16-1534; 
1777,False Claims Act; Financial Fraud; Mortgage Fraud; ,"Civil Division; USAO - Michigan, Eastern; USAO - Wisconsin, Western; ",16-1533; 
1778,Civil Rights; ,"Civil Rights Division; Civil Rights - Housing and Civil Enforcement Section; USAO - Ohio, Southern; ",16-1532; 
1779,Foreign Corruption; ,"Criminal Division; USAO - Texas, Southern; ",16-1531; 
1780,"Cyber Crime; Financial Fraud; Securities, Commodities, & Investment Fraud; StopFraud; ","USAO - New York, Southern; ",16-1530; 
1781,Office and Personnel Updates; ,Office of the Attorney General; ,16-1529; 
1782,None,"Criminal Division; USAO - Illinois, Northern; USAO - Ohio, Southern; ",16-1528; 
1783,Tax; ,"USAO - Kentucky, Eastern; ",16-1527; 
1784,Intellectual Property; ,"Criminal Division; USAO - Florida, Southern; ",16-1526; 
1785,"Financial Fraud; Mortgage Fraud; Securities, Commodities, & Investment Fraud; StopFraud; ","Civil Division; Office of the Associate Attorney General; Office of the Attorney General; USAO - New York, Eastern; ",16-1525; 
1786,Counterterrorism; ,"National Security Division (NSD); USAO - Virginia, Eastern; ",16-1524; 
1787,Antitrust; ,Antitrust Division; ,16-1523; 
1788,Foreign Corruption; ,"Criminal Division; Criminal - Criminal Fraud Section; USAO - Florida, Southern; ",16-1522; 
1789,Drug Trafficking; Firearms Offenses; Violent Crime; ,"Criminal Division; USAO - California, Northern; ",16-1521; 
1790,Civil Rights; Hate Crimes; ,"Civil Rights Division; Civil Rights - Criminal Section; USAO - Mississippi, Southern; ",16-1519; 
1791,Civil Rights; ,Civil Rights Division; Civil Rights - Disability Rights Section; Civil Rights - Special Litigation Section; ,16-1518; 
1792,Antitrust; ,Antitrust Division; ,16-1517; 
1793,Foreign Corruption; ,"Criminal Division; Criminal - Criminal Fraud Section; USAO - New York, Eastern; ",16-1515; 
1794,Counterterrorism; ,National Security Division (NSD); USAO - District of Columbia; ,16-1514; 
1795,None,Criminal Division; Criminal - Child Exploitation and Obscenity Section; ,16-1512; 
1796,Environment; ,Environment and Natural Resources Division; ,16-1511; 
1797,Indian Country Law and Justice; ,Community Oriented Policing Services (COPS); Office of the Deputy Attorney General; Office of Tribal Justice; ,16-1509; 
1798,Antitrust; ,Antitrust Division; ,16-1507; 
1799,Identity Theft; Tax; ,Tax Division; USAO - Oregon; ,16-1513; 
1800,Identity Theft; Tax; ,Tax Division; USAO - District of Columbia; ,16-1508; 
1801,Counterintelligence and Export Control; ,National Security Division (NSD); USAO - Connecticut; ,16-1506; 
1802,None,"Criminal Division; USAO - Michigan, Western; ",16-1503; 
1803,Civil Rights; ,Civil Rights Division; Civil Rights - Special Litigation Section; ,16-1504; 
1804,Identity Theft; Tax; ,"Tax Division; USAO - North Carolina, Middle; ",16-1505; 
1805,Civil Rights; ,Civil Rights Division; Civil Rights - Disability Rights Section; USAO - New Jersey; ,16-1502; 
1806,Tax; ,"Tax Division; USAO - Ohio, Northern; ",16-1501; 
1807,None,Office of the Deputy Attorney General; ,16-1500; 
1808,None,Office of the Deputy Attorney General; Office of the Pardon Attorney; ,16-1499; 
1809,Counterterrorism; ,"National Security Division (NSD); USAO - New York, Northern; ",16-1497; 
1810,Tax; ,"Tax Division; USAO - Virginia, Eastern; ",16-1496; 
1811,Tax; ,"Tax Division; USAO - North Carolina, Middle; ",16-1495; 
1812,Drug Trafficking; Violent Crime; ,Criminal Division; Federal Bureau of Investigation (FBI); ,16-1494; 
1813,Tax; ,"Tax Division; USAO - North Carolina, Middle; ",16-1492; 
1814,Tax; ,"Tax Division; USAO - North Carolina, Western; ",16-1487; 
1815,Cyber Crime; ,Criminal Division; ,16-1491; 
1816,Drug Trafficking; ,Criminal Division; ,16-1488; 
1817,Human Trafficking; Project Safe Childhood; ,"Criminal Division; Criminal - Child Exploitation and Obscenity Section; USAO - Texas, Southern; ",16-1490; 
1818,Cyber Crime; Identity Theft; ,"Criminal Division; USAO - Ohio, Northern; ",16-1489; 
1819,Civil Rights; ,Office of the Attorney General; ,16-1485; 
1820,Cyber Crime; ,"Criminal Division; USAO - Mississippi, Southern; ",16-1486; 
1821,Antitrust; ,Antitrust Division; ,16-1481; 
1822,Counterintelligence and Export Control; ,National Security Division (NSD); USAO - District of Columbia; ,16-1484; 
1823,Health Care Fraud; ,"Criminal Division; Criminal - Criminal Fraud Section; USAO - Florida, Southern; ",16-1483; 
1824,Tax; ,"Tax Division; USAO - Iowa, Northern; ",1479; 
1825,Counterintelligence and Export Control; ,National Security Division (NSD); USAO - Alaska; ,16-1482; 
1826,Civil Rights; ,"Civil Rights Division; Civil Rights - Special Litigation Section; USAO - California, Central; ",16-1480; 
1827,Civil Rights; ,"Civil Rights Division; Civil Rights - Housing and Civil Enforcement Section; USAO - Michigan, Eastern; ",16-1478; 
1828,False Claims Act; Health Care Fraud; ,"Civil Division; USAO - Wisconsin, Eastern; ",16-1477; 
1829,Environment; ,Environment and Natural Resources Division; ,16-1476; 
1830,Consumer Protection; Financial Fraud; ,Civil Division; ,16-1475; 
1831,Antitrust; ,Antitrust Division; ,16-1474; 
1832,Civil Rights; ,Civil Rights Division; Civil Rights - Special Litigation Section; ,16-1470; 
1833,False Claims Act; Financial Fraud; Health Care Fraud; Mortgage Fraud; StopFraud; ,Civil Division; ,16-1469; 
1834,Human Trafficking; ,"Civil Rights Division; USAO - Kentucky, Western; ",16-1471; 
1835,Financial Fraud; Health Care Fraud; Mortgage Fraud; StopFraud; ,Office of the Attorney General; U.S. Attorneys (USAO); ,16-1468; 
1836,Counterintelligence and Export Control; ,National Security Division (NSD); USAO - District of Columbia; ,16-1467; 
1837,Antitrust; ,Antitrust Division; ,16-1466; 
1838,Financial Fraud; Foreign Corruption; Public Corruption; ,Criminal Division; Criminal - Criminal Fraud Section; ,16-1465; 
1839,Tax; ,Tax Division; USAO - Montana; ,16-1464; 
1840,Elder Justice; StopFraud; ,"Criminal Division; Criminal - Criminal Fraud Section; USAO - North Carolina, Western; ",16-1463; 
1841,Consumer Protection; ,"Civil Division; USAO - Georgia, Middle; ",16-1462; 
1842,None,Office of the Deputy Attorney General; ,16-1460; 
1843,Violent Crime; ,"Criminal Division; USAO - Illinois, Northern; ",16-1459; 
1844,Antitrust; ,Antitrust Division; ,16-1461; 
1845,Civil Rights; Immigration; ,Civil Rights Division; Civil Rights - Immigrant and Employee Rights Section; ,16-1458; 
1846,Civil Rights; ,Civil Rights Division; Civil Rights - Immigrant and Employee Rights Section; ,16-1457; 
1847,Civil Rights; ,"Civil Rights Division; Civil Rights - Housing and Civil Enforcement Section; USAO - Virginia, Western; ",16-1456; 
1848,Financial Fraud; Public Corruption; ,"Criminal Division; USAO - Pennsylvania, Eastern; ",16-1450; 
1849,Identity Theft; Tax; ,Tax Division; ,16-1455; 
1850,Cyber Crime; ,"Criminal Division; USAO - Florida, Southern; ",16-1454; 
1851,Financial Fraud; StopFraud; ,"Criminal Division; Criminal - Criminal Fraud Section; USAO - California, Central; ",16-1453; 
1852,Drug Trafficking; ,"Criminal Division; USAO - California, Southern; ",16-1452; 
1853,Environment; ,Environment and Natural Resources Division; ,16-1451; 
1854,Civil Rights; ,"Civil Rights Division; Civil Rights - Special Litigation Section; USAO - Virginia, Eastern; ",16-1449; 
1855,Health Care Fraud; ,"Criminal Division; Criminal - Criminal Fraud Section; USAO - Michigan, Eastern; ",16-1446; 
1856,Financial Fraud; Foreign Corruption; ,"Criminal Division; Criminal - Criminal Fraud Section; USAO - New York, Eastern; ",16-1445; 
1857,Violent Crime; ,Criminal Division; USAO - Colorado; ,16-1443; 
1858,Cyber Crime; ,Office of the Attorney General; ,16-1442; 
1859,Tax; ,"Tax Division; USAO - Georgia, Middle; ",16-1441; 
1860,Drug Trafficking; Human Trafficking; ,"Civil Rights Division; Civil Rights - Criminal Section; USAO - Tennessee, Eastern; ",16-1440; 
1861,Civil Rights; Violent Crime; ,"Civil Rights Division; Civil Rights - Criminal Section; USAO - Georgia, Northern; ",16-1439; 
1862,Environment; ,Environment and Natural Resources Division; ,16-1438; 
1863,Tax; ,Tax Division; ,16-1437; 
1864,Antitrust; ,Antitrust Division; ,16-1435; 
1865,Consumer Protection; ,Civil Division; ,16-1434; 
1866,Consumer Protection; ,"Civil Division; USAO - Texas, Northern; ",16-1433; 
1867,Public Corruption; ,USAO - Puerto Rico; ,None
1868,None,Civil Rights Division; ,16-1432; 
1869,Violent Crime; ,Criminal Division; USAO - New Jersey; ,16-1431; 
1870,Community Outreach; Hate Crimes; ,Community Relations Service; ,16-1429; 
1871,Antitrust; ,Antitrust Division; ,16-1428; 
1872,Civil Rights; Hate Crimes; ,"Civil Rights Division; Civil Rights - Criminal Section; USAO - California, Eastern; ",16-1426; 
1873,None,Civil Rights Division; ,16-1425; 
1874,Violent Crime; ,"Criminal Division; USAO - Virginia, Eastern; ",16-1424; 
1875,Counterterrorism; National Security; ,"National Security Division (NSD); USAO - Ohio, Southern; ",16-1423; 
1876,Cyber Crime; ,"Criminal Division; Cyber Division (FBI); USAO - Pennsylvania, Western; ",16-1422; 
1877,Civil Rights; ,"Civil Rights Division; Civil Rights - Housing and Civil Enforcement Section; USAO - Mississippi, Southern; ",16-1421; 
1878,None,Office of the Attorney General; ,16-1420; 
1879,None,Office of the Attorney General; ,16-1419; 
1880,Tax; ,Tax Division; USAO - Minnesota; ,16-1418; 
1881,"Securities, Commodities, & Investment Fraud; Tax; ","Tax Division; USAO - Virginia, Eastern; ",16-1417; 
1882,"Environment; Securities, Commodities, & Investment Fraud; ",Environment and Natural Resources Division; ,16-1416; 
1883,Counterterrorism; ,National Security Division (NSD); ,16-1414; 
1884,Public Corruption; StopFraud; ,"Criminal Division; Criminal - Criminal Fraud Section; USAO - California, Southern; ",16-1415; 
1885,Financial Fraud; ,"Criminal Division; Criminal - Criminal Fraud Section; USAO - Virginia, Eastern; ",16-1413; 
1886,Identity Theft; Tax; ,Tax Division; USAO - Rhode Island; ,16-1412; 
1887,Environment; ,Environment and Natural Resources Division; ,16-1411; 
1888,None,Criminal Division; USAO - Maryland; ,16-1410; 
1889,Consumer Protection; ,Civil Division; USAO - Colorado; ,16-1408; 
1890,Cyber Crime; ,"Criminal Division; Federal Bureau of Investigation (FBI); USAO - Pennsylvania, Western; ",16-1409; 
1891,Tax; ,"Tax Division; USAO - Virginia, Western; ",16-1407; 
1892,Environment; ,Environment and Natural Resources Division; ,16-1406; 
1893,Tax; ,Tax Division; ,16-1404; 
1894,Firearms Offenses; Violent Crime; ,Criminal Division; USAO - New Jersey; ,16-1403; 
1895,Identity Theft; Tax; ,"Tax Division; USAO - Georgia, Middle; ",16-1402; 
1896,Civil Rights; ,Civil Rights Division; Civil Rights - Criminal Section; USAO - Minnesota; ,16-1401; 
1897,None,Office of the Attorney General; ,16-1400; 
1898,Environment; ,Environment and Natural Resources Division; ,16-1399; 
1899,Tax; ,Tax Division; USAO - Nevada; ,16-1398; 
1900,Access to Justice; ,Office for Access to Justice; ,16-1397; 
1901,Environment; Wildlife; ,Environment and Natural Resources Division; ,16-1395; 
1902,Civil Rights; Hate Crimes; ,Civil Rights Division; Civil Rights - Criminal Section; USAO - Kansas; ,16-1394; 
1903,Identity Theft; Tax; ,Tax Division; USAO - Kansas; ,16-1393; 
1904,Civil Rights; ,Civil Rights Division; Civil Rights - Special Litigation Section; USAO - South Carolina; ,16-1392; 
1905,Counterterrorism; National Security; ,National Security Division (NSD); USAO - Nevada; ,16-1396; 
1906,Counterterrorism; National Security; ,"National Security Division (NSD); USAO - North Carolina, Western; ",16-1391; 
1907,Indian Country Law and Justice; ,Office of Public Affairs; ,16-1390; 
1908,Antitrust; ,Antitrust Division; ,16-1389; 
1909,Environment; Wildlife; ,Environment and Natural Resources Division; ,16-1385; 
1910,Antitrust; ,Antitrust Division; ,16-1388; 
1911,Identity Theft; Tax; ,"Tax Division; USAO - Alabama, Middle; ",16-1386; 
1912,Environment; Wildlife; ,Environment and Natural Resources Division; ,16-1387; 
1913,None,"USAO - New York, Northern; ",None
1914,Public Corruption; ,Criminal Division; USAO - Maine; ,16-1384; 
1915,False Claims Act; ,"Civil Division; USAO - Washington, Eastern; ",16-1381; 
1916,Counterterrorism; ,"National Security Division (NSD); USAO - Ohio, Southern; ",16-1380; 
1917,Civil Rights; ,"Civil Rights Division; Civil Rights - Housing and Civil Enforcement Section; USAO - Illinois, Northern; ",16-1379; 
1918,Drug Trafficking; Violent Crime; ,Criminal Division; ,16-1378; 
1919,None,Office of the Deputy Attorney General; ,16-1373; 
1920,Wildlife; ,Environment and Natural Resources Division; ,16-1376; 
1921,Civil Rights; Hate Crimes; ,"Civil Rights Division; Civil Rights - Criminal Section; USAO - Ohio, Northern; ",16-1377; 
1922,Civil Rights; Human Trafficking; ,"Civil Rights Division; Civil Rights - Criminal Section; USAO - Wisconsin, Eastern; ",16-1375; 
1923,None,Criminal Division; ,16-1372; 
1924,Environment; ,Environment and Natural Resources Division; ,16-1371; 
1925,Civil Rights; ,Civil Rights Division; Civil Rights - Housing and Civil Enforcement Section; USAO - New Jersey; ,16-1370; 
1926,Office and Personnel Updates; ,Office of the Attorney General; ,16-1369; 
1927,Civil Rights; Immigration; ,Civil Rights Division; Civil Rights - Immigrant and Employee Rights Section; ,16-1367; 
1928,Civil Rights; ,Civil Rights Division; Civil Rights - Disability Rights Section; ,16-1366; 
1929,Civil Rights; ,"Civil Rights Division; Civil Rights - Criminal Section; USAO - Arkansas, Eastern; ",16-1365; 
1930,None,Office of the Attorney General; ,16-1364; 
1931,Tax; ,"Tax Division; USAO - Ohio, Northern; ",16-1632; 
1932,Counterterrorism; ,"National Security Division (NSD); USAO - New York, Eastern; ",16-1636; 
1933,Asset Forfeiture; Counterintelligence and Export Control; ,"National Security Division (NSD); USAO - New York, Eastern; ",16-1361; 
1934,Consumer Protection; ,Civil Division; ,16-1360; 
1935,None,Civil Rights Division; Civil Rights - Immigrant and Employee Rights Section; ,16-1359; 
1936,None,Office of the Deputy Attorney General; ,16-1358; 
1937,None,Office of the Attorney General; ,16-1357; 
1938,None,Criminal Division; USAO - North Dakota; ,16-1354; 
1939,"Securities, Commodities, & Investment Fraud; ","Criminal Division; Criminal - Criminal Fraud Section; USAO - Texas, Northern; ",16-1355; 
1940,Counterterrorism; ,"National Security Division (NSD); USAO - Illinois, Northern; ",16-1356; 
1941,Public Corruption; ,"USAO - Indiana, Northern; ",None
1942,Civil Rights; Human Trafficking; ,"Civil Rights Division; USAO - Florida, Southern; ",16-1353; 
1943,Project Safe Childhood; ,"Criminal Division; USAO - Virginia, Eastern; ",16-1352; 
1944,Hate Crimes; ,Office of the Attorney General; ,16-1351; 
1945,Civil Rights; Human Trafficking; ,"Civil Rights Division; USAO - California, Eastern; ",16-1350; 
1946,Financial Fraud; Tax; ,Tax Division; ,16-1349; 
1947,Civil Rights; ,"Civil Rights Division; Civil Rights - Criminal Section; USAO - Alabama, Northern; ",16-1348; 
1948,Cyber Crime; Intellectual Property; ,Criminal Division; ,16-1347; 
1949,Tax; ,Tax Division; ,16-1345; 
1950,Civil Rights; ,Civil Rights Division; Civil Rights - Criminal Section; ,16-1346; 
1951,Consumer Protection; ,Civil Division; ,16-1344; 
1952,Financial Fraud; Foreign Corruption; ,"Criminal Division; Criminal - Criminal Fraud Section; USAO - New York, Eastern; ",16-1343; 
1953,Tax; ,Tax Division; ,16-1341; 
1954,Identity Theft; ,Criminal Division; USAO - New Jersey; ,16-1339; 
1955,Tax; ,Tax Division; ,16-1340; 
1956,Counterterrorism; ,National Security Division (NSD); ,16-1342; 
1957,Counterterrorism; ,National Security Division (NSD); ,16-1338; 
1958,None,"Criminal Division; USAO - Texas, Northern; ",16-1337; 
1959,Identity Theft; Tax; ,Tax Division; ,16-1336; 
1960,Antitrust; StopFraud; ,Antitrust Division; ,16-1335; 
1961,Tax; ,Tax Division; ,16-1334; 
1962,Financial Fraud; Tax; ,Tax Division; ,16-1332; 
1963,Antitrust; ,Antitrust Division; ,16-1333; 
1964,Public Corruption; StopFraud; ,"Criminal Division; Criminal - Criminal Fraud Section; USAO - California, Southern; ",16-1330; 
1965,Counterterrorism; ,National Security Division (NSD); USAO - Minnesota; ,16-1331; 
1966,Tax; ,Tax Division; ,16-1326; 
1967,Antitrust; ,Antitrust Division; ,16-1328; 
1968,Tax; ,Tax Division; ,16-1327; 
1969,None,Office of the Attorney General; ,16-1325; 
1970,Consumer Protection; ,Civil Division; ,16-1324; 
1971,Counterterrorism; ,National Security Division (NSD); USAO - Minnesota; ,16-1323; 
1972,Opioids; Office and Personnel Updates; ,Office of the Attorney General; ,16-1322; 
1973,Civil Rights; ,"Civil Rights Division; Civil Rights - Special Litigation Section; USAO - New York, Southern; ",16-1321; 
1974,Civil Rights; Immigration; ,Civil Rights Division; Civil Rights - Immigrant and Employee Rights Section; ,16-1320; 
1975,Tax; ,Tax Division; ,16-1319; 
1976,None,"USAO - California, Northern; ",None
1977,Health Care Fraud; ,"Criminal Division; Criminal - Criminal Fraud Section; USAO - Texas, Southern; ",16-1318; 
1978,Opioids; ,Office of Public Affairs; Office of the Attorney General; ,16-1316; 
1979,Civil Rights; ,Civil Rights Division; Civil Rights - Housing and Civil Enforcement Section; ,16-1317; 
1980,Tax; ,Tax Division; ,16-1315; 
1981,Identity Theft; Tax; ,Tax Division; ,16-1313; 
1982,"Securities, Commodities, & Investment Fraud; ",Criminal Division; ,16-1314; 
1983,Civil Rights; Hate Crimes; ,"Civil Rights Division; Civil Rights - Criminal Section; USAO - Ohio, Northern; ",16-1312; 
1984,Antitrust; ,Antitrust Division; ,16-1310; 
1985,Tax; ,Tax Division; ,16-1311; 
1986,Project Safe Childhood; ,"Criminal Division; Criminal - Child Exploitation and Obscenity Section; USAO - Virginia, Eastern; ",16-1309; 
1987,Health Care Fraud; ,"Criminal Division; Criminal - Criminal Fraud Section; USAO - Florida, Southern; ",16-1308; 
1988,Environment; ,Environment and Natural Resources Division; ,16-1307; 
1989,Civil Rights; ,Office for Access to Justice; Civil Rights Division; ,16-1305; 
1990,Firearms Offenses; Violent Crime; ,"Criminal Division; USAO - California, Eastern; ",16-1306; 
1991,Health Care Fraud; ,"Criminal Division; Criminal - Criminal Fraud Section; USAO - Michigan, Eastern; ",16-1304; 
1992,Counterterrorism; ,"National Security Division (NSD); USAO - Ohio, Southern; ",16-1303; 
1993,Project Safe Childhood; ,"Criminal Division; Criminal - Child Exploitation and Obscenity Section; USAO - California, Eastern; ",16-1302; 
1994,Consumer Protection; ,Civil Division; ,16-1301; 
1995,Civil Rights; ,Civil Rights Division; ,16-1299; 
1996,None,Office of the Attorney General; ,16-1300; 
1997,Tax; ,Tax Division; ,16-1298; 
1998,None,Office of the Deputy Attorney General; ,16-1297; 
1999,Consumer Protection; Prescription Drugs; ,Civil Division; ,16-1295; 
2000,Violent Crime; ,"Criminal Division; USAO - Virginia, Western; ",16-1295; 
